	YPD	YPGly	YPLac	YPGal	YPRaff	YPEtOH	YPAc	YPTE no O2	YPTE no glucose	SD minimal	SC-all	SC-Met	SC-Lys	SC-Ade	SC-Ino	SC-Arg
Oxygen	6.3	6.3	6.3	6.3	6.3	6.3	6.3		6.3	6.3	6.3	6.3	6.3	6.3	6.3	6.3
NH3	100	100	100	100	100	100	100	100	100	100	100	100	100	100	100	100
SLF	100	100	100	100	100	100	100	100	100	100	100	100	100	100	100	100
PI	0.89	0.89	0.89	0.89	0.89	0.89	0.89	0.89	0.89	0.89	0.89	0.89	0.89	0.89	0.89	0.89
Glucose	22.6							22.6		22.6	22.6	22.6	22.6	22.6	22.6	22.6
Glycerol		84														
Lactate			22.6													
Galactose				22.6												
Raffinose					6.85											
Ethanol						44.2										
Acetate							41.4									
Ergosterol								0.0226	0.0226							
Zymosterol								0.0226	0.0226							
palmitoleate								0.005	0.005							
stearate 								0.0016	0.0016							
oleate 								0.0078	0.0078							
linoleate 								0.0029	0.0029							
ALA	0.519	0.519	0.519	0.519	0.519	0.519	0.519	0.519	0.519		0.457	0.457	0.457	0.457	0.457	0.457
ARG	0.193	0.193	0.193	0.193	0.193	0.193	0.193	0.193	0.193		0.234	0.234	0.234	0.234	0.234	
ASN											0.308	0.308	0.308	0.308	0.308	0.308
ASP	0.274	0.274	0.274	0.274	0.274	0.274	0.274	0.274	0.274		0.306	0.306	0.306	0.306	0.306	0.306
CYS	0.0192	0.0192	0.0192	0.0192	0.0192	0.0192	0.0192	0.0192	0.0192		0.306	0.306	0.306	0.306	0.306	0.306
GLU	0.479	0.479	0.479	0.479	0.479	0.479	0.479	0.479	0.479		0.277	0.277	0.277	0.277	0.277	0.277
GLN											0.278	0.278	0.278	0.278	0.278	0.278
GLY	0.934	0.934	0.934	0.934	0.934	0.934	0.934	0.934	0.934		0.543	0.543	0.543	0.543	0.543	0.543
HIS	0.31	0.31	0.31	0.31	0.31	0.31	0.31	0.31	0.31	0.082	2.63	2.63	2.63	2.63	2.63	2.63
ILE	0.0952	0.0952	0.0952	0.0952	0.0952	0.0952	0.0952	0.0952	0.0952		0.311	0.311	0.311	0.311	0.311	0.311
LEU	1.66	1.66	1.66	1.66	1.66	1.66	1.66	1.66	1.66	0.4	6.21	6.21	6.21	6.21	6.21	6.21
LYS	0.167	0.167	0.167	0.167	0.167	0.167	0.167	0.167	0.167		0.279	0.279		0.279	0.279	0.279
MET	0.0468	0.0468	0.0468	0.0468	0.0468	0.0468	0.0468	0.0468	0.0468		0.273		0.273	0.273	0.273	0.273
PHE	0.0758	0.0758	0.0758	0.0758	0.0758	0.0758	0.0758	0.0758	0.0758		0.247	0.247	0.247	0.247	0.247	0.247
PRO	0.357	0.357	0.357	0.357	0.357	0.357	0.357	0.357	0.357		0.354	0.354	0.354	0.354	0.354	0.354
SER	0.166	0.166	0.166	0.166	0.166	0.166	0.166	0.166	0.166		0.388	0.388	0.388	0.388	0.388	0.388
THR	0.112	0.112	0.112	0.112	0.112	0.112	0.112	0.112	0.112		0.342	0.342	0.342	0.342	0.342	0.342
TRP	0.0207	0.0207	0.0207	0.0207	0.0207	0.0207	0.0207	0.0207	0.0207		0.199	0.199	0.199	0.199	0.199	0.199
TYR	0.0279	0.0279	0.0279	0.0279	0.0279	0.0279	0.0279	0.0279	0.0279		0.0279	0.0279	0.0279	0.0279	0.0279	0.0279
VAL	0.148	0.148	0.148	0.148	0.148	0.148	0.148	0.148	0.148		0.348	0.348	0.348	0.348	0.348	0.348
Potassium	1.87	1.87	1.87	1.87	1.87	1.87	1.87	1.87	1.87	4.44	4.44	4.44	4.44	4.44	4.44	4.44
Sodium	4.43	4.43	4.43	4.43	4.43	4.43	4.43	4.43	4.43	0.75	0.75	0.75	0.75	0.75	0.75	0.75
Biotin	0.0000275	0.0000275	0.0000275	0.0000275	0.0000275	0.0000275	0.0000275	0.0000275	0.0000275	0.00000142	0.00000142	0.00000142	0.00000142	0.00000142	0.00000142	0.00000142
Choline	0.00437	0.00437	0.00437	0.00437	0.00437	0.00437	0.00437	0.00437	0.00437	0.000092						
Riboflavin	0.00063	0.00063	0.00063	0.00063	0.00063	0.00063	0.00063	0.00063	0.00063		0.00092	0.00092	0.00092	0.00092	0.00092	0.00092
Thiamine	0.0032	0.0032	0.0032	0.0032	0.0032	0.0032	0.0032	0.0032	0.0032							
Inositol	0.07	0.07	0.07	0.07	0.07	0.07	0.07	0.07	0.07	0.00193	0.11	0.11	0.11	0.11		0.11
Thymidine	0.00709	0.00709	0.00709	0.00709	0.00709	0.00709	0.00709	0.00709	0.00709							
Nicotinate 	0.000002	0.000002	0.000002	0.000002	0.000002	0.000002	0.000002	0.000002	0.000002							
4-Aminobenzoate	0.000002	0.000002	0.000002	0.000002	0.000002	0.000002	0.000002	0.000002	0.000002							
(R)-Pantothenate	0.0002	0.0002	0.0002	0.0002	0.0002	0.0002	0.0002	0.0002	0.0002	0.0002						
Pyridoxine 	0.00001	0.00001	0.00001	0.00001	0.00001	0.00001	0.00001	0.00001	0.00001							
Uracile	4	4	4	4	4	4	4	4	4	0.4	3.63	3.63	3.63	3.63	3.63	3.63
Adenine											3.01	3.01	3.01		3.01	3.01
Antimycin A	1000	1000	1000			1000	1000	1000	1000	1000	1000	1000	1000	1000	1000	1000